ff3e1f81-0bc4-11ef-ad0f-e00af69c9bee.jpg,['R-IA'],2024-05-06 23:23:39
ff52639f-0bc4-11ef-a2d2-e00af69c9bee.jpg,['R-1B'],2024-05-06 23:23:39
ff7fab83-0bc4-11ef-8599-e00af69c9bee.jpg,['RJ03-JF'],2024-05-06 23:23:39
ffa0657e-0bc4-11ef-b864-e00af69c9bee.jpg,['R-183-JF'],2024-05-06 23:23:40
ffc2784e-0bc4-11ef-86fe-e00af69c9bee.jpg,['R-183-JF'],2024-05-06 23:23:40
000a0ea4-0bc5-11ef-9948-e00af69c9bee.jpg,['R-183-JF'],2024-05-06 23:23:40
0024fd61-0bc5-11ef-9c84-e00af69c9bee.jpg,['R-183-JF'],2024-05-06 23:23:41
0177a186-0bc5-11ef-8e5e-e00af69c9bee.jpg,"['004""_']",2024-05-06 23:23:43
0196e4b2-0bc5-11ef-b250-e00af69c9bee.jpg,['N-574-'],2024-05-06 23:23:43
01c24b8a-0bc5-11ef-8577-e00af69c9bee.jpg,['N-894-JV'],2024-05-06 23:23:43
024ba0f6-0bc5-11ef-931d-e00af69c9bee.jpg,['7656TH'],2024-05-06 23:23:44
02608c06-0bc5-11ef-9fea-e00af69c9bee.jpg,['7656-7R'],2024-05-06 23:23:44
0398e73e-0bc5-11ef-a454-e00af69c9bee.jpg,"['""656-XH']",2024-05-06 23:23:46
08e37da4-0bc5-11ef-a65c-e00af69c9bee.jpg,['TOGC'],2024-05-06 23:23:55
09bc52ce-0bc5-11ef-9bc8-e00af69c9bee.jpg,['ILZEL'],2024-05-06 23:23:57
3fc0a34f-0bc6-11ef-9cc0-e00af69c9bee.jpg,['KLG1CA2555']
