4561a06a-0bc6-11ef-8089-e00af69c9bee.jpg,['RIBRE']
463a400f-0bc6-11ef-9caa-e00af69c9bee.jpg,['REZE']
47037f84-0bc6-11ef-9fa5-e00af69c9bee.jpg,['REB)J']
47d3c5ad-0bc6-11ef-8899-e00af69c9bee.jpg,['RBZJ']
489c9323-0bc6-11ef-ac6d-e00af69c9bee.jpg,['RIBB J']
496da1c0-0bc6-11ef-a0fb-e00af69c9bee.jpg,['RIBBJ']
4a29410f-0bc6-11ef-8c05-e00af69c9bee.jpg,['RIB3']
4af9e4b6-0bc6-11ef-a4b0-e00af69c9bee.jpg,['RIBB']
4bc98cfb-0bc6-11ef-86c8-e00af69c9bee.jpg,['R1B3J']
4caad05b-0bc6-11ef-ac94-e00af69c9bee.jpg,['R183-JF']
4d7c4179-0bc6-11ef-92e8-e00af69c9bee.jpg,['RIB3 H']
4e342830-0bc6-11ef-a42b-e00af69c9bee.jpg,['R183-JF']
